

a.Adawi@ju.edu.jo,a.adawi@ju.edu.jo, 

a.lakhouaja@ump.ma,a.lakhouaja@ump.ma, 

a_abozakria@hotmail.com,a_abozakria@hotmail.com, 

Aabusamha@qu.edu.qa,aabusamha@qu.edu.qa, 

aalalbayt,aalalbayt@aalalbayt.org, 

aaraf_akram@uomosul.edu.iq,aaraf_akram@uomosul.edu.iq, 

ababa@thk.edu.tr,ababa@thk.edu.tr, 

abdellahmandouri32@gmail.com,abdellahmandouri32@gmail.com, 

abdul.aziz.alzayed3@gmail.com,abdul.aziz.alzayed3@gmail.com, 

abdulsattarmk@gmail.com,abdulsattarmk@gmail.com, 

abedrazek.marwa@gmail.com,abedrazek.marwa@gmail.com, 

abedullah kelane,a.kelane@yahoo.com, 

abouishakk@gmail.com,abouishakk@gmail.com, 

abu7abiba77@yahoo.com,abu7abiba77@yahoo.com, 

abubakrbaras@gmail.com,abubakrbaras@gmail.com, 

abuse,abuse@hostinger.com, 

abuzaraida@it.misutratau.edu.ly,abuzaraida@it.misutratau.edu.ly, 

abuzaraida@yahoo.com,abuzaraida@yahoo.com, 

abuzeina@ppu.edu,abuzeina@ppu.edu, 

ADELALYUSA@GMAIL.COM,adelalyusa@gmail.com, 

adelsabour@gmail.com,adelsabour@gmail.com, 

Adil.jalal1980@gmail.com,adil.jalal1980@gmail.com, 

adil.jalal1981@gmail.com,adil.jalal1981@gmail.com, 

afs712000@yahoo.com,afs712000@yahoo.com, 

ahmad.taijoun@gmail.com,ahmad.taijoun@gmail.com, 

ahmadatteya@hotmail.com,ahmadatteya@hotmail.com, 

ahmed.abdu.ibr@uosamarra.edu.iq,ahmed.abdu.ibr@uosamarra.edu.iq, 

ahmed.chahboune.1992@gmail.com,ahmed.chahboune.1992@gmail.com, 

Ahmed.sharaf@su.edu.eg,ahmed.sharaf@su.edu.eg, 

ahmedeidmhanna@gmail.com,ahmedeidmhanna@gmail.com, 

aimanr@yahoo.com,aimanr@yahoo.com, 

aimenr@yahoo.com,aimenr@yahoo.com, 

aiomer@hotmail.com,aiomer@hotmail.com, 

ajakimi@yahoo.fr,ajakimi@yahoo.fr, 

akramattito.2020@gmail.com,akramattito.2020@gmail.com, 

akramzeki@yahoo.com,akramzeki@yahoo.com, 

alaalkreshah@gmail.com,alaalkreshah@gmail.com, 

alaalolo122aabb@gmail.com,alaalolo122aabb@gmail.com, 

alaeldinhaji@gmail.com,alaeldinhaji@gmail.com, 

alakram@gmail.com,alakram@gmail.com, 

aldyan874@gmail.com,aldyan874@gmail.com, 

algaale76@gmail.com,algaale76@gmail.com, 

alharath.ateik@mediu.edu.my,alharath.ateik@mediu.edu.my, 

ali.shaker@fart.bu.edu.eg,ali.shaker@fart.bu.edu.eg, 

alihassounea@gmail.com,alihassounea@gmail.com, 

ALKAHEEL12345678@GMAIL.COM,alkaheel12345678@gmail.com, 

Allen Wang,allencwang@google.com, 

alraiys@gmail.com,alraiys@gmail.com, 

alshamrani322@gmail.com,alshamrani322@gmail.com, 

alshargi.de@gmail.com,alshargi.de@gmail.com, 

alshykhahmdbdalghfar@gmail.com,alshykhahmdbdalghfar@gmail.com, 

alsokarfayzeh@gmail.com,alsokarfayzeh@gmail.com, 

alturki22@gmail.com,alturki22@gmail.com, 

amina.elabidi2001@gmail.com,amina.elabidi2001@gmail.com, 

amjad.saadeh@ju.edu.jo,amjad.saadeh@ju.edu.jo, 

ammar311omr@gmail.com,ammar311omr@gmail.com, 

Amna7383@yahoo.com,amna7383@yahoo.com, 

amzeki@gmail.com,amzeki@gmail.com, 

anas@tarteel.ai,anas@tarteel.ai, 

ansam.sharkh@gmail.com,ansam.sharkh@gmail.com, 

ansari-updates,ansari-updates@googlegroups.com, 

ar136831730@gmail.com,ar136831730@gmail.com, 

arageb12@gmail.com,arageb12@gmail.com, 

ashour71@gmail.com,ashour71@gmail.com, 

ashraf@sharjah.ac.ae,ashraf@sharjah.ac.ae, 

asic4unwire@yahoo.com,asic4unwire@yahoo.com, 

asmaebenali2010@gmail.com,asmaebenali2010@gmail.com, 

attia767@yahoo.com,attia767@yahoo.com, 

aw788898@gmail.com,aw788898@gmail.com, 

awajan@psut.edu.jo,awajan@psut.edu.jo, 

azze.mazroui@gmail.com,azze.mazroui@gmail.com, 

b.hammo@ju.edu.jo,b.hammo@ju.edu.jo, 

babagana3@gmail.com,babagana3@gmail.com, 

BASICQRUSER@GMAIL.COM,basicqruser@gmail.com, 

bassam_arkok@yahoo.com,bassam_arkok@yahoo.com, 

batayhy@hotmail.com,batayhy@hotmail.com, 

bentahar@iium.ed.my,bentahar@iium.ed.my, 

bentahar@iium.edu.my,bentahar@iium.edu.my, 

bessou.s@univ-setif.dz,bessou.s@univ-setif.dz, 

bilal.fahmi.alqazzaz@gmail.com,bilal.fahmi.alqazzaz@gmail.com, 

Bouchra.bahi@gmail.com,bouchra.bahi@gmail.com, 

Boumediene Hamzi,boumediene.hamzi@gmail.com, 

boutouil86orthophoniste@gmail.com,boutouil86orthophoniste@gmail.com, 

bshawar@yahoo.com,bshawar@yahoo.com, 

Bushrasarah14@gmail.com,bushrasarah14@gmail.com, 

Byalahdal@gmail.com,byalahdal@gmail.com, 

chiromababagana3@gmail.com,chiromababagana3@gmail.com, 

contact.ahmayache@gmail.com,contact.ahmayache@gmail.com, 

Crn.ijaz2008@gmail.com,crn.ijaz2008@gmail.com, 

d.aboali70@yahoo.com,d.aboali70@yahoo.com, 

daud.elega@yahoo.com,daud.elega@yahoo.com, 

DEMIRYO.SC@GMAIL.COM,demiryo.sc@gmail.com, 

dmabdou85@gmail.com,dmabdou85@gmail.com, 

dr.abdallahs.abdallah@gmail.com,dr.abdallahs.abdallah@gmail.com, 

dr.ahmed.amer@uomosul.edu.iq,dr.ahmed.amer@uomosul.edu.iq, 

dr.aljmaan@gmail.com,dr.aljmaan@gmail.com, 

dr.jameala@yahoo.com,dr.jameala@yahoo.com, 

dr.kasar@yahoo.com,dr.kasar@yahoo.com, 

dr.khaled.bakro@gmail.com,dr.khaled.bakro@gmail.com, 

dr.mahmoud2012@gmail.com,dr.mahmoud2012@gmail.com, 

Dr.mohsen730@gmail.com,dr.mohsen730@gmail.com, 

dr.mona.elngar@gmail.com,dr.mona.elngar@gmail.com, 

dr.mturki@gmail.com,dr.mturki@gmail.com, 

drhady83@yahoo.com,drhady83@yahoo.com, 

DRMARWANHADDAD@LIVE.COM,drmarwanhaddad@live.com, 

drmkhm@hotmail.com,drmkhm@hotmail.com, 

dukeskais79@gmail.com,dukeskais79@gmail.com, 

dyaser201482@gmail.com,dyaser201482@gmail.com, 

eed.mlegy@gmail.com,eed.mlegy@gmail.com, 

ehf2@uw.edu,ehf2@uw.edu, 

elagagmounir@gmail.com,elagagmounir@gmail.com, 

eldeeb19861986@gmail.com,eldeeb19861986@gmail.com, 

Emansekanga@gmail.com,emansekanga@gmail.com, 

Enes Bilgin,enes.bilgin@icloud.com, 

eng_alwer2005@hotmail.com,eng_alwer2005@hotmail.com, 

f_abdelhakim@hotmail.com,f_abdelhakim@hotmail.com, 

fadfor14@gmail.com,fadfor14@gmail.com, 

farid.sarsak66@gmail.com,farid.sarsak66@gmail.com, 

faridsarsak66@gmail.com,faridsarsak66@gmail.com, 

fatijahjah4@gmail.com,fatijahjah4@gmail.com, 

fatimamotqi@gamil.com,fatimamotqi@gamil.com, 

fatimamotqi@gmail.com,fatimamotqi@gmail.com, 

fawaz.alanzi@ku.edu.kw,fawaz.alanzi@ku.edu.kw, 

FlockMail,hostingersupport@titan.email, 

foad7r22@gmail.com,foad7r22@gmail.com, 

gayathaldyn1@gmail.com,gayathaldyn1@gmail.com, 

Ghada_rashed2000@hotmail.com,ghada_rashed2000@hotmail.com, 

ghadahares@hotmail.com,ghadahares@hotmail.com, 

ghaydabdulaziz@uomosul.edu.iq,ghaydabdulaziz@uomosul.edu.iq, 

ghaydatalib@yahoo.com,ghaydatalib@yahoo.com, 

Gheith Abandah,abandah@ju.edu.jo, 

Ghembaza,ghembaza@gmail.com, 

gonisimari@gmail.com,gonisimari@gmail.com, 

gonixemuss@gmail.com,gonixemuss@gmail.com, 

h.i.celik02@gmail.com,h.i.celik02@gmail.com, 

habibaabdullah793@gmail.com,habibaabdullah793@gmail.com, 

habibjibrinmuhammed@gmail.com,habibjibrinmuhammed@gmail.com, 

hady.farag@mbzuh.ac.ae,hady.farag@mbzuh.ac.ae, 

hafidh101@gmail.com,hafidh101@gmail.com, 

hafidh@gbdgi.net,hafidh@gbdgi.net, 

halrizzo@gmail.com,halrizzo@gmail.com, 

hamza.ait.tamerz@gmail.com,hamza.ait.tamerz@gmail.com, 

haouammaryam70@gmail.com,haouammaryam70@gmail.com, 

harous@sharjah.ac.ae,harous@sharjah.ac.ae, 

Hasan.maarini@hiast.edu.sy,hasan.maarini@hiast.edu.sy, 

Hasanbarjawi01@gmail.com,hasanbarjawi01@gmail.com, 

haslina.h@iium.edu.my,haslina.h@iium.edu.my, 

hasna.awwad@gmail.com,hasna.awwad@gmail.com, 

haval.hajee@gmail.com,haval.hajee@gmail.com, 

hazaa@directarabia.com,hazaa@directarabia.com, 

hbatayhy@gmail.com,hbatayhy@gmail.com, 

Heba saadeh,heba.saadeh@ju.edu.jo, 

hendawi@uri.edu,hendawi@uri.edu, 

hesalwa@hotmail.com,hesalwa@hotmail.com, 

hfmfaisal@hotmail.com,hfmfaisal@hotmail.com, 

Hiba.programmer@gmail.com,hiba.programmer@gmail.com, 

hsiniabderrahman@gmail.com,hsiniabderrahman@gmail.com, 

husseinmagdy@gmail.com,husseinmagdy@gmail.com, 

ialnomay@kacst.edu.sa,ialnomay@kacst.edu.sa, 

ibnahmad2011@gmail.com,ibnahmad2011@gmail.com, 

inspecteurhouriya@gmail.com,inspecteurhouriya@gmail.com, 

Iryna Pylypchuk - Assistant to the CEO,ira@konfuzio.com, 

j.itmazi@gmail.com,j.itmazi@gmail.com, 

jikaforever2017@gmail.com,jikaforever2017@gmail.com, 

JYH10000@GMAIL.COM,jyh10000@gmail.com, 

KAHEEL@GMAIL.COM,kaheel@gmail.com, 

Karry7383@yahoo.com,karry7383@yahoo.com, 

khaledammar8228@gmail.com,khaledammar8228@gmail.com, 

khaledms@fci-cu.edu.eg,khaledms@fci-cu.edu.eg, 

Khaledms@gmail.com,khaledms@gmail.com, 

Khawlaraja12@gmail.com,khawlaraja12@gmail.com, 

khedher@gmail.com,khedher@gmail.com, 

khshannar@gmail.com,khshannar@gmail.com, 

lakbir1973@yahoo.fr,lakbir1973@yahoo.fr, 

lamaz02@yahoo.com,lamaz02@yahoo.com, 

loai.farajallah@gmail.com,loai.farajallah@gmail.com, 

Lomrihafed@gmail.com,lomrihafed@gmail.com, 

Luai.afz@gmail.com,luai.afz@gmail.com, 

M.AbuShariah@ju.edu.jo,m.abushariah@ju.edu.jo, 

M.hadead@isl.misuratau.edu.ly,m.hadead@isl.misuratau.edu.ly, 

M.khalid_1980@yahoo.com,m.khalid_1980@yahoo.com, 

Mahdi.dehim@gmail.com,mahdi.dehim@gmail.com, 

mahermousa1982@gmail.com,mahermousa1982@gmail.com, 

maherz55@yahoo.com,maherz55@yahoo.com, 

mahmood.s.i@uomosul.edu.iq,mahmood.s.i@uomosul.edu.iq, 

majed_3@hotmail.com,majed_3@hotmail.com, 

makh201212@gmail.com,makh201212@gmail.com, 

mamoun.h@texum-me.com,mamoun.h@texum-me.com, 

MANAGERQRUSER@GMAIL.COM,managerqruser@gmail.com, 

manalmaayah@ymail.com,manalmaayah@ymail.com, 

mansourmusamuhammad@gmail.com,mansourmusamuhammad@gmail.com, 

MARYAM.ADELEG@GMAIL.COM,maryam.adeleg@gmail.com, 

mawlood@gmail.com,mawlood@gmail.com, 

med.elmalki.88@gmail.com,med.elmalki.88@gmail.com, 

medbary@hotmail.com,medbary@hotmail.com, 

medd.cherif@gmail.com,medd.cherif@gmail.com, 

mfeham@gmail.com,mfeham@gmail.com, 

mgouhar@yahoo.com,mgouhar@yahoo.com, 

mmce2011@yahoo.fr,mmce2011@yahoo.fr, 

mohamadwalid44@gmail.com,mohamadwalid44@gmail.com, 

Mohamed Ben Jemaa,mbenjemaa@gmail.com, 

mohamed.bakkour.2016@gmail.com,mohamed.bakkour.2016@gmail.com, 

mohamed.gaber@bcu.ac.uk,mohamed.gaber@bcu.ac.uk, 

mohamed.h.ali@gmail.com,mohamed.h.ali@gmail.com, 

mohamed.m.gaber@gmail.com,mohamed.m.gaber@gmail.com, 

MOHAMEDKASSAB35@GMAIL.COM,mohamedkassab35@gmail.com, 

Mohamedkula1@gmail.com,mohamedkula1@gmail.com, 

Mohammad Abdel-Majeed,m.abdel-majeed@ju.edu.jo, 

Mohammad Khair,mohammad.khair@gmail.com, 

mohammad.khair,mohammad.khair@qurancomputing.org, 

mohammad.soh@cas.edu.om,mohammad.soh@cas.edu.om, 

mohammad@addsengineering.com,mohammad@addsengineering.com, 

mohammadkhair@gmail.com,mohammadkhair@gmail.com, 

mohammedamineamira@gmail.com,mohammedamineamira@gmail.com, 

mohdn111@gmail.com,mohdn111@gmail.com, 

monamhd04@hotmail.com,monamhd04@hotmail.com, 

mooadeloomari@gmail.com,mooadeloomari@gmail.com, 

moradoujdaaa@gmail.com,moradoujdaaa@gmail.com, 

mostafayousef53@yahoo.com,mostafayousef53@yahoo.com, 

Mostefaoui Ilham,ilhammostefaoui544@gmail.com, 

mrashwan@rdi-eg.ai,mrashwan@rdi-eg.ai, 

mtdiab@gmail.com,mtdiab@gmail.com, 

mubarakmess2015@gmail.com,mubarakmess2015@gmail.com, 

muhammadtayel77@gmail.com,muhammadtayel77@gmail.com, 

muhdsabri@iium.edu.my,muhdsabri@iium.edu.my, 

munjid1947@gmail.com,munjid1947@gmail.com, 

musaadsaidon5@gmail.com,musaadsaidon5@gmail.com, 

musab_hijazi@yahoo.com,musab_hijazi@yahoo.com, 

mustapha abubakar,babaganaambiyama@gmail.com, 

mwk@anyscale.com,mwk@anyscale.com, 

nazar3059@gmail.com,nazar3059@gmail.com, 

NEEMSAYLIKK@GMAIL.COM,neemsaylikk@gmail.com, 

nomay@harf.com,nomay@harf.com, 

NOOR.MSHATNAWI@GMAIL.COM,noor.mshatnawi@gmail.com, 

nordinmhdt@gmail.com,nordinmhdt@gmail.com, 

nouh.sabri@gmail.com,nouh.sabri@gmail.com, 

O.mehdioui@flsh.umi.ac.ma,o.mehdioui@flsh.umi.ac.ma, 

obaid,obaid@qurancomputing.org, 

obaida69@gmail.com,obaida69@gmail.com, 

obaidofj@gmail.com,obaidofj@gmail.com, 

omarmorai@hotmail.com,omarmorai@hotmail.com, 

ooalqaisioo@gmail.com,ooalqaisioo@gmail.com, 

orvert@live.fr,orvert@live.fr, 

Oussamaechahidi11@gmail.com,oussamaechahidi11@gmail.com, 

profase2000@yahoo.com,profase2000@yahoo.com, 

profimantarik@gmail.com,profimantarik@gmail.com, 

Q8tv@outlook.com,q8tv@outlook.com, 

Qurancomputing,qurancomputing@gmail.com, 

raaac2004@yahoo.com,raaac2004@yahoo.com, 

ramymb@gmail.com,ramymb@gmail.com, 

ratebalkhateeb1956@gmail.com,ratebalkhateeb1956@gmail.com, 

rawashde90@gmail.com,rawashde90@gmail.com, 

RAYA.MSHATNAWI@GMAIL.COM,raya.mshatnawi@gmail.com, 

refalzanfally@yahoo.com,refalzanfally@yahoo.com, 

RIHAMAZIZ@HOTMAIL.COM,rihamaziz@hotmail.com, 

s-desouki@aiu.edu.sy,s-desouki@aiu.edu.sy, 

S.Dgoor@hotmail.com,s.dgoor@hotmail.com, 

s.dgoor@ju.edu.jo,s.dgoor@ju.edu.jo, 

SAAQEEL.MACROS@GMAIL.COM,saaqeel.macros@gmail.com, 

sabah877qadori@gmail.com,sabah877qadori@gmail.com, 

sabour@uw.edu,sabour@uw.edu, 

safaa_nayif@yahoo.com,safaa_nayif@yahoo.com, 

safaruk chowdhury,saf.chowdhury@gmail.com, 

said.desouki@hiast.edu.sy,said.desouki@hiast.edu.sy, 

saidsabbagh@outlook.com,saidsabbagh@outlook.com, 

salah.abdeltawab@mediu.my,salah.abdeltawab@mediu.my, 

salamarsheed1@gmail.com,salamarsheed1@gmail.com, 

Salehmaryam061@gmail.com,salehmaryam061@gmail.com, 

Sales@smartech.online,sales@smartech.online, 

salim.almandhari@etco.om,salim.almandhari@etco.om, 

Salmakhennou7@gmail.com,salmakhennou7@gmail.com, 

sami.achour.tn@gmail.com,sami.achour.tn@gmail.com, 

samir432@gamil.com,samir432@gamil.com, 

samir432@gmail.com,samir432@gmail.com, 

samira_7_8@yahoo.com,samira_7_8@yahoo.com, 

saneyagi@hotmail.com,saneyagi@hotmail.com, 

saqrshariff@gmail.com,saqrshariff@gmail.com, 

sawalha.majdi@gmail.com,sawalha.majdi@gmail.com, 

Sdhbh223@gmail.com,sdhbh223@gmail.com, 

sh100jo@gmail.com,sh100jo@gmail.com, 

sharaf.al.islam@gmail.com,sharaf.al.islam@gmail.com, 

Sharif195@hotmail.com,sharif195@hotmail.com, 

SHEHAB.ELLITHY@GMAIL.COM,shehab.ellithy@gmail.com, 

shfareh@sharjah.ac.ae,shfareh@sharjah.ac.ae, 

shihabdr2013@gmail.com,shihabdr2013@gmail.com, 

shukriahmad111@gmail.cim,shukriahmad111@gmail.cim, 

shurooq aldaja,shurooq.aldaja@gmail.com, 

Siddharth Venkatesh,sidv@anyscale.com, 

SMUJEER@HOTMAIL.COM,smujeer@hotmail.com, 

Stefano Bernardi,support@redokun.com, 

subhi53@alnoor.edu.iq,subhi53@alnoor.edu.iq, 

sufeemustapha@gmail.com,sufeemustapha@gmail.com, 

taha.zerrouki@gmail.com,taha.zerrouki@gmail.com, 

tahaazz1969@gmail.com,tahaazz1969@gmail.com, 

tahams64@hotmail.com,tahams64@hotmail.com, 

TAMKEENGIRLS123@GMAIL.COM,tamkeengirls123@gmail.com, 

taphacheikhdioum@gmail.com,taphacheikhdioum@gmail.com, 

tawfiq_1994@yahoo.com,tawfiq_1994@yahoo.com, 

temraz.109@gmail.com,temraz.109@gmail.com, 

test@test.com,test@test.com, 
21332222, 
Titan Mail,support@titan.email, 

tlbnaziha@gmail.com,tlbnaziha@gmail.com, 

tmqadah@uqu.edu.sa,tmqadah@uqu.edu.sa, 

tothman40@gmail.com,tothman40@gmail.com, 

Transsky@yahoo.ca,transsky@yahoo.ca, 

ustazwahbi@gmail.com,ustazwahbi@gmail.com, 

waelaymanemahmoud@gmail.com,waelaymanemahmoud@gmail.com, 

waledalmoaty@gmail.com,waledalmoaty@gmail.com, 

Waleed Kadous,waleedk@gmail.com, 

waleed@iium.edu.my,waleed@iium.edu.my, 

www.abdelaazizbhh@gmail.com,www.abdelaazizbhh@gmail.com, 

y.jalal@ju.edu.jo,y.jalal@ju.edu.jo, 

Y4SMIN.5AADI@GMAIL.COM,y4smin.5aadi@gmail.com, 

Yahya Batha,yahya@turath.co.uk, 

yakholamotasem@gmail.com,yakholamotasem@gmail.com, 

yasirms74@hotmail.com,yasirms74@hotmail.com, 

YASMEENNALII570@GMAIL.COM,yasmeennalii570@gmail.com, 

Yassensalem1970@gmail.com,yassensalem1970@gmail.com, 

yassersamiamer@gmail.com,yassersamiamer@gmail.com, 

ymzamzami@uqu.edu.sa,ymzamzami@uqu.edu.sa, 

Younis-syala@uomosul.edu.iq,younis-syala@uomosul.edu.iq, 

yousfi.bilal@hotmail.fr,yousfi.bilal@hotmail.fr, 

yurema03@gmail.com,yurema03@gmail.com, 

yusrafaisalcs@uomosul.edu.iq,yusrafaisalcs@uomosul.edu.iq, 

Yusuf Ozgen,yusuf.ozgen@salaamic.org, 

zarrouk.elyes@gmail.com,zarrouk.elyes@gmail.com, 

ZBARZINJI@MAQASID.ORG,zbarzinji@maqasid.org, 

zeina.m@uobaghdad.edu.iq,zeina.m@uobaghdad.edu.iq, 

zgrami2004@yahoo.com,zgrami2004@yahoo.com, 

zitouni.hatim@gmail.com,zitouni.hatim@gmail.com, 

zulkifliy@gmail.com,zulkifliy@gmail.com, 

زيتونية وافتخر,achi9atelward@hotmail.com, 
